-- INSERT EMPLOYEES
INSERT INTO employees (empno, name, age, contract, boss, type) VALUES (11, 'ANTONIO ALCAZAR', 25, '2002-02-15', 11, 'it');
INSERT INTO employees (empno, name, age, contract, boss, type) VALUES (12, 'CARLOS CONTRERAS', 24, '2007-12-07', 11, 'it');
INSERT INTO employees (empno, name, age, contract, boss, type) VALUES (13, 'JOSE MARTINEZ', 28, '2003-04-30', 13, 'human_resources');
INSERT INTO employees (empno, name, age, contract, boss, type) VALUES (14, 'GABRIELA PEREZ', 35, '2008-10-14', 14, 'administration');
INSERT INTO employees (empno, name, age, contract, boss, type) VALUES (15, 'JULIANA ACERO', 28, '2012-02-28', 15, 'salesmen');
INSERT INTO employees (empno, name, age, contract, boss, type) VALUES (16, 'MIGUEL CASANOVA', 28, '2005-03-31', 15, 'salesmen');
INSERT INTO employees (empno, name, age, contract, boss, type) VALUES (17, 'JOSE GIRON', 29, '2009-07-11', 11, 'it');
INSERT INTO employees (empno, name, age, contract, boss, type) VALUES (18, 'FELIPE COLOMER', 24, '2014-01-25', 13, 'human_resources');
INSERT INTO employees (empno, name, age, contract, boss, type) VALUES (19, 'JAIME AYALA', 24, '2016-12-25', 14, 'administration');
INSERT INTO employees (empno, name, age, contract, boss, type) VALUES (20, 'FRANCISCO PASTOR', 26, '2004-06-05', 14, 'administration');
INSERT INTO employees (empno, name, age, contract, boss, type) VALUES (21, 'SAMUEL MATUTE', 27, '2006-09-11', 11, 'it');
INSERT INTO employees (empno, name, age, contract, boss, type) VALUES (22, 'TRINIDAD MARCHENA', 19, '2017-08-26', 15, 'salesmen');
INSERT INTO employees (empno, name, age, contract, boss, type) VALUES (23, 'RAMON PERIS', 23, '2008-05-01', 15, 'salesmen');
INSERT INTO employees (empno, name, age, contract, boss, type) VALUES (24, 'ANDRES RAYO', 18, '2018-10-12', 11, 'it');
INSERT INTO employees (empno, name, age, contract, boss, type) VALUES (25, 'LUIS ACUÑA', 32, '2003-06-19', 13, 'human_resources');
INSERT INTO employees (empno, name, age, contract, boss, type) VALUES (26, 'GUILLERMO VICENTE', 28, '2011-08-20', 11, 'it');
INSERT INTO employees (empno, name, age, contract, boss, type) VALUES (27, 'MANUELA ARRIAGA', 62, '2006-10-25', 11, 'it');
INSERT INTO employees (empno, name, age, contract, boss, type) VALUES (28, 'ALICIA CASTELO', 55, '2008-04-17', 15, 'salesmen');
INSERT INTO employees (empno, name, age, contract, boss, type) VALUES (29, 'JAVIER ESPINAR', 22, '2002-11-09', 14, 'administration');
INSERT INTO employees (empno, name, age, contract, boss, type) VALUES (30, 'IROHA TAMAKI', 18, '2020-02-04', 13, 'human_resources');
INSERT INTO employees (empno, name, age, contract, boss, type) VALUES (31, 'JAIME LLORENS', 47, '2010-12-20', 11, 'it');
INSERT INTO employees (empno, name, age, contract, boss, type) VALUES (32, 'SERGIO PORTILLO', 59, '2014-10-10', 14, 'administration');
INSERT INTO employees (empno, name, age, contract, boss, type) VALUES (33, 'SUSANA ORIA', 45, '2003-12-06', 11, 'it');
INSERT INTO employees (empno, name, age, contract, boss, type) VALUES (34, 'BELEN DURO', 42, '2012-08-19', 15, 'salesmen');
INSERT INTO employees (empno, name, age, contract, boss, type) VALUES (35, 'MADOKA KANAME', 24, '2009-05-07', 14, 'administration');
INSERT INTO employees (empno, name, age, contract, boss, type) VALUES (36, 'JORGE ROA', 20, '2011-31-01', 36, 'chefs');
INSERT INTO employees (empno, name, age, contract, boss, type) VALUES (37, 'HERMENEGILDO FOREIRO', 66, '2002-08-22', 36, 'chefs');
INSERT INTO employees (empno, name, age, contract, boss, type) VALUES (38, 'LUCHO PORTUANO', 27, '2005-01-07', 36, 'chefs');
INSERT INTO employees (empno, name, age, contract, boss, type) VALUES (39, 'ANGEL SOTELO', 42, '2013-10-06', 36, 'chefs');
INSERT INTO employees (empno, name, age, contract, boss, type) VALUES (40, 'DEBORA ANGELES', 54, '2015-02-25', 36, 'chefs');
INSERT INTO employees (empno, name, age, contract, boss, type) VALUES (41, 'MARGARITA VINUESA', 36, '2018-12-20', 36, 'chefs');
INSERT INTO employees (empno, name, age, contract, boss, type) VALUES (42, 'MARIA MALDONADO', 33, '2003-10-06', 36, 'chefs');
INSERT INTO employees (empno, name, age, contract, boss, type) VALUES (43, 'HOMURA AKEMI', 28, '2012-07-25', 43, 'delivers');
INSERT INTO employees (empno, name, age, contract, boss, type) VALUES (44, 'NACHO VIDAL', 42, '2016-02-29', 43, 'delivers');
INSERT INTO employees (empno, name, age, contract, boss, type) VALUES (45, 'MIKI SAYAKA', 20, '2002-12-09', 43, 'delivers');
INSERT INTO employees (empno, name, age, contract, boss, type) VALUES (46, 'NIEVES RUEDA', 40, '2007-05-04', 46, 'waiters');
INSERT INTO employees (empno, name, age, contract, boss, type) VALUES (47, 'ANDRES CUELLO', 19, '2010-05-30', 46, 'waiters');
INSERT INTO employees (empno, name, age, contract, boss, type) VALUES (48, 'MAMI TOMOE', 25, '2018-03-22', 46, 'waiters');
INSERT INTO employees (empno, name, age, contract, boss, type) VALUES (49, 'ADRIAN MORAL', 55, '2014-02-04', 46, 'waiters');
INSERT INTO employees (empno, name, age, contract, boss, type) VALUES (50, 'MATT ENMEN', 36, '2011-06-29', 46, 'waiters');
INSERT INTO employees (empno, name, age, contract, boss, type) VALUES (51, 'MANUEL ARCOS', 52, '2015-01-31', 46, 'waiters');
INSERT INTO employees (empno, name, age, contract, boss, type) VALUES (52, 'ANA BUSTAMANTE', 39, '2013-03-01', 46, 'waiters');
INSERT INTO employees (empno, name, age, contract, boss, type) VALUES (53, 'VICENTE CONTRERAS', 47, '2013-03-01', 46, 'waiters');
INSERT INTO employees (empno, name, age, contract, boss, type) VALUES (54, 'CARLOS TUSA', 52, '2004-12-31', 46, 'waiters');
INSERT INTO employees (empno, name, age, contract, boss, type) VALUES (55, 'KYOKO SAKURA', 20, '2008-12-21', 46, 'waiters');
INSERT INTO employees (empno, name, age, contract, boss, type) VALUES (56, 'CINDY NERO', 31, '2019-05-02', 46, 'waiters');

--INSERT SALESMEN
INSERT INTO salesmen (empno, quota, officeid) VALUES (15, 100000, 1155);
INSERT INTO salesmen (empno, quota, officeid) VALUES (16, 75000, 1156);
INSERT INTO salesmen (empno, quota, officeid) VALUES (22, 102000, 1157);
INSERT INTO salesmen (empno, quota, officeid) VALUES (23, 48000, 1158);
INSERT INTO salesmen (empno, quota, officeid) VALUES (28, 98000, 1158);
INSERT INTO salesmen (empno, quota, officeid) VALUES (34, 250000, 1160);

--INSERT human_resources
INSERT INTO human_resources (empno, officeid) VALUES (43);


--INSERT deliverers
INSERT INTO deliverers (empno) VALUES (43);
INSERT INTO deliverers (empno) VALUES (44);
INSERT INTO deliverers (empno) VALUES (45);

--INSERT it
INSERT INTO it (empno, officeid) VALUES (11, 1155);
INSERT INTO it (empno, officeid) VALUES (12, 1155);
INSERT INTO it (empno, officeid) VALUES (17, 1156);
INSERT INTO it (empno, officeid) VALUES (21, 1157);
INSERT INTO it (empno, officeid) VALUES (24, 1158);
INSERT INTO it (empno, officeid) VALUES (26, 1158);
INSERT INTO it (empno, officeid) VALUES (27, 1159);
INSERT INTO it (empno, officeid) VALUES (31, 1160);
INSERT INTO it (empno, officeid) VALUES (33, 1161);

--INSERT waiters
INSERT INTO waiters (empno) VALUES (46);
INSERT INTO waiters (empno) VALUES (47);
INSERT INTO waiters (empno) VALUES (48);
INSERT INTO waiters (empno) VALUES (49);
INSERT INTO waiters (empno) VALUES (50);
INSERT INTO waiters (empno) VALUES (51);
INSERT INTO waiters (empno) VALUES (52);
INSERT INTO waiters (empno) VALUES (53);
INSERT INTO waiters (empno) VALUES (54);
INSERT INTO waiters (empno) VALUES (55);
INSERT INTO waiters (empno) VALUES (56);

--INSERT chefs
INSERT INTO chefs (empno) VALUES (36);
INSERT INTO chefs (empno) VALUES (37);
INSERT INTO chefs (empno) VALUES (38);
INSERT INTO chefs (empno) VALUES (39);
INSERT INTO chefs (empno) VALUES (40);
INSERT INTO chefs (empno) VALUES (41);
INSERT INTO chefs (empno) VALUES (42);

--INSERT PAYROLLS
INSERT INTO payrolls (payno, start_date, end_date, amount, empno) VALUES (111, '2002-02-15', '2018-12-22', 1980, 11);
INSERT INTO payrolls (payno, start_date, end_date, amount, empno) VALUES (112, '2007-12-07', '2019-10-12', 2250, 12);
INSERT INTO payrolls (payno, start_date, end_date, amount, empno) VALUES (113, '2003-04-30', '2019-03-30', 2500, 13);
INSERT INTO payrolls (payno, start_date, end_date, amount, empno) VALUES (114, '2008-10-14', '2019-03-22', 1475, 14);
INSERT INTO payrolls (payno, start_date, end_date, amount, empno) VALUES (115, '2012-02-28', '2018-12-23', 955, 15);
INSERT INTO payrolls (payno, start_date, end_date, amount, empno) VALUES (116, '2005-03-31', '2019-06-05', 5000, 16);
INSERT INTO payrolls (payno, start_date, end_date, amount, empno) VALUES (117, '2009-07-11', '2019-05-01', 1035, 17);
INSERT INTO payrolls (payno, start_date, end_date, amount, empno) VALUES (118, '2014-01-25', '2020-01-08', 1200, 18);
INSERT INTO payrolls (payno, start_date, end_date, amount, empno) VALUES (119, '2016-12-25', '2018-07-24', 1366, 19);
INSERT INTO payrolls (payno, start_date, end_date, amount, empno) VALUES (120, '2004-06-05', '2017-08-10', 2005, 20);
INSERT INTO payrolls (payno, start_date, end_date, amount, empno) VALUES (121, '2006-09-11', '2020-09-08', 1492, 21);
INSERT INTO payrolls (payno, start_date, end_date, amount, empno) VALUES (122, '2017-08-26', '2022-11-05', 1714, 22);
INSERT INTO payrolls (payno, start_date, end_date, amount, empno) VALUES (123, '2008-05-01', '2020-05-15', 2001, 23);
INSERT INTO payrolls (payno, start_date, end_date, amount, empno) VALUES (124, '2018-10-12', '2026-11-08', 2487, 24);
INSERT INTO payrolls (payno, start_date, end_date, amount, empno) VALUES (125, '2003-06-19', '2019-04-08', 1007, 25);
INSERT INTO payrolls (payno, start_date, end_date, amount, empno) VALUES (126, '2011-08-20', '2017-09-13', 1256, 26);
INSERT INTO payrolls (payno, start_date, end_date, amount, empno) VALUES (127, '2006-10-25', '2019-01-24', 1408, 27);
INSERT INTO payrolls (payno, start_date, end_date, amount, empno) VALUES (128, '2008-04-17', '2019-08-15', 1368, 28);
INSERT INTO payrolls (payno, start_date, end_date, amount, empno) VALUES (129, '2002-11-09', '2019-12-04', 1470, 29);
INSERT INTO payrolls (payno, start_date, end_date, amount, empno) VALUES (130, '2020-02-04', '2031-06-01', 978, 30);
INSERT INTO payrolls (payno, start_date, end_date, amount, empno) VALUES (131, '2010-12-20', '2020-04-04', 1000, 31);
INSERT INTO payrolls (payno, start_date, end_date, amount, empno) VALUES (132, '2014-10-10', '2022-11-15', 1002, 32);
INSERT INTO payrolls (payno, start_date, end_date, amount, empno) VALUES (133, '2003-12-06', '2017-11-18', 1162, 33);
INSERT INTO payrolls (payno, start_date, end_date, amount, empno) VALUES (134, '2012-08-19', '2019-01-31', 1598, 34);
INSERT INTO payrolls (payno, start_date, end_date, amount, empno) VALUES (135, '2009-05-07', '2019-09-07', 1614, 35);
INSERT INTO payrolls (payno, start_date, end_date, amount, empno) VALUES (136, '2011-01-31', '2018-08-01', 1833, 36);
INSERT INTO payrolls (payno, start_date, end_date, amount, empno) VALUES (137, '2002-08-22', '2019-03-14', 1025, 37);
INSERT INTO payrolls (payno, start_date, end_date, amount, empno) VALUES (138, '2005-01-07', '2017-07-29', 1233, 38);
INSERT INTO payrolls (payno, start_date, end_date, amount, empno) VALUES (139, '2013-10-06', '2023-03-22', 1921, 39);
INSERT INTO payrolls (payno, start_date, end_date, amount, empno) VALUES (140, '2015-02-25', '2024-11-01', 1936, 40);
INSERT INTO payrolls (payno, start_date, end_date, amount, empno) VALUES (141, '2018-12-20', '2026-05-09', 1969, 41);
INSERT INTO payrolls (payno, start_date, end_date, amount, empno) VALUES (142, '2003-10-06', '2020-04-14', 1385, 42);
INSERT INTO payrolls (payno, start_date, end_date, amount, empno) VALUES (143, '2012-07-25', '2020-03-11', 1234, 43);
INSERT INTO payrolls (payno, start_date, end_date, amount, empno) VALUES (144, '2016-02-29', '2021-11-12', 1688, 44);
INSERT INTO payrolls (payno, start_date, end_date, amount, empno) VALUES (145, '2002-12-09', '2019-12-24', 1970, 45);
INSERT INTO payrolls (payno, start_date, end_date, amount, empno) VALUES (146, '2007-05-04', '2017-01-11', 2140, 46);
INSERT INTO payrolls (payno, start_date, end_date, amount, empno) VALUES (147, '2010-05-30', '2023-05-01', 1368, 47);
INSERT INTO payrolls (payno, start_date, end_date, amount, empno) VALUES (148, '2018-03-22', '2025-10-21', 1025, 48);
INSERT INTO payrolls (payno, start_date, end_date, amount, empno) VALUES (149, '2014-02-04', '2027-06-23', 2178, 49);
INSERT INTO payrolls (payno, start_date, end_date, amount, empno) VALUES (150, '2011-06-29', '2022-01-01', 1470, 50);
INSERT INTO payrolls (payno, start_date, end_date, amount, empno) VALUES (151, '2015-01-31', '2025-05-15', 2365, 51);
INSERT INTO payrolls (payno, start_date, end_date, amount, empno) VALUES (152, '2013-03-01', '2020-07-23', 1888, 52);
INSERT INTO payrolls (payno, start_date, end_date, amount, empno) VALUES (153, '2017-01-01', '2035-07-17', 1684, 53);
INSERT INTO payrolls (payno, start_date, end_date, amount, empno) VALUES (154, '2004-12-31', '2019-02-09', 1027, 54);
INSERT INTO payrolls (payno, start_date, end_date, amount, empno) VALUES (155, '2008-12-21', '2020-04-20', 1470, 55);
INSERT INTO payrolls (payno, start_date, end_date, amount, empno) VALUES (156, '2019-05-02', '2029-09-30', 1313, 56);

--INSERT OFFICES
INSERT INTO offices (officeid, city, region, sales, office_boss) VALUES (1155, 'donostia', 'north', 100, 11);
INSERT INTO offices (officeid, city, region, sales, office_boss) VALUES (1156, 'vitoria', 'north', 100, 11);
INSERT INTO offices (officeid, city, region, sales, office_boss) VALUES (1157, 'salamanca', 'west', 100, 11);
INSERT INTO offices (officeid, city, region, sales, office_boss) VALUES (1158, 'badajoz', 'west', 100, 11);
INSERT INTO offices (officeid, city, region, sales, office_boss) VALUES (1159, 'teruel', 'east', 100, 11);
INSERT INTO offices (officeid, city, region, sales, office_boss) VALUES (1160, 'donostia', 'south', 100, 11);
INSERT INTO offices (officeid, city, region, sales, office_boss) VALUES (1161, 'murcia', 'south', 100, 11);

--INSERT CLIENTS
INSERT INTO clients (clientno, name) VALUES (211, 'JULIAN MOSCOSO');
INSERT INTO clients (clientno, name) VALUES (212, 'GLORIA ELIZALDE');
INSERT INTO clients (clientno, name) VALUES (213, 'VERONICA ROMAN ');
INSERT INTO clients (clientno, name) VALUES (214, 'MARIA ARANGUREN');
INSERT INTO clients (clientno, name) VALUES (215, 'MARIANO SAAVEDRA');
INSERT INTO clients (clientno, name) VALUES (216, 'EMILIO VALDIVIA');
INSERT INTO clients (clientno, name) VALUES (217, 'BELEN MADARIAGA');
INSERT INTO clients (clientno, name) VALUES (218, 'SARA NDONGA');
INSERT INTO clients (clientno, name) VALUES (219, 'ANA ARGUELLO');
INSERT INTO clients (clientno, name) VALUES (220, 'MARIA GAMBOA');

--INSERT ORDERS
INSERT INTO orders (orderid, orderdate, price, clientno, empno, sent, deliverid) VALUES (311, '2019-07-12', 200, 211, 15, 1, 511);
INSERT INTO orders (orderid, orderdate, price, clientno, empno, sent, deliverid) VALUES (312, '2019-07-15', 260, 212, 15, 1, 512);
INSERT INTO orders (orderid, orderdate, price, clientno, empno, sent, deliverid) VALUES (313, '2019-07-22', 52, 212, 15, 1, 513);
INSERT INTO orders (orderid, orderdate, price, clientno, empno, sent, deliverid) VALUES (314, '2019-08-03', 143, 213, 15, 1, 514);
INSERT INTO orders (orderid, orderdate, price, clientno, empno, sent, deliverid) VALUES (315, '2019-08-03', 357, 214, 15, 1, 515);
INSERT INTO orders (orderid, orderdate, price, clientno, empno, sent, deliverid) VALUES (316, '2019-08-03', 28, 215, 15, 1, 516);
INSERT INTO orders (orderid, orderdate, price, clientno, empno, sent, deliverid) VALUES (317, '2019-08-03', 687, 213, 15, 1, 517);
INSERT INTO orders (orderid, orderdate, price, clientno, empno, sent, deliverid) VALUES (318, '2019-08-03', 695, 215, 15, 1, 518);
INSERT INTO orders (orderid, orderdate, price, clientno, empno, sent, deliverid) VALUES (319, '2019-08-03', 615, 216, 15, 0, 519);
INSERT INTO orders (orderid, orderdate, price, clientno, empno, sent, deliverid) VALUES (320, '2019-08-03', 987, 217, 15, 0, 519);
INSERT INTO orders (orderid, orderdate, price, clientno, empno, sent, deliverid) VALUES (321, '2019-08-03', 161, 218, 15, 0, 519);
INSERT INTO orders (orderid, orderdate, price, clientno, empno, sent, deliverid) VALUES (322, '2019-08-03', 354, 219, 15, 0, 520);
INSERT INTO orders (orderid, orderdate, price, clientno, empno, sent, deliverid) VALUES (323, '2019-08-03', 65, 220, 15, 0, 520);

--INSERT SERVES
INSERT INTO serves (empno, eventid, serv_date) VALUES (46, 1011, '2020-04-25');
INSERT INTO serves (empno, eventid, serv_date) VALUES (47, 1011, '2020-04-25');
INSERT INTO serves (empno, eventid, serv_date) VALUES (48, 1011, '2020-04-25');
INSERT INTO serves (empno, eventid, serv_date) VALUES (49, 1011, '2020-04-25');
INSERT INTO serves (empno, eventid, serv_date) VALUES (50, 1012, '2020-05-01');
INSERT INTO serves (empno, eventid, serv_date) VALUES (51, 1012, '2020-05-01');
INSERT INTO serves (empno, eventid, serv_date) VALUES (52, 1013, '2020-05-30');
INSERT INTO serves (empno, eventid, serv_date) VALUES (53, 1014, '2020-07-14');
INSERT INTO serves (empno, eventid, serv_date) VALUES (54, 1011, '2020-04-25');
INSERT INTO serves (empno, eventid, serv_date) VALUES (55, 1013, '2020-05-30');
INSERT INTO serves (empno, eventid, serv_date) VALUES (56, 1014, '2020-07-14');

--INSERT VEHICLES
INSERT INTO vehicles (vehicleid, name, plate) VALUES (711, 'Mercedes-Benz Sprinter', '5236HFW');
INSERT INTO vehicles (vehicleid, name, plate) VALUES (712, 'Citröen Berlingo Van', '4412KZF');
INSERT INTO vehicles (vehicleid, name, plate) VALUES (713, 'Mercedes-Benz Vito', '1698GHZ');
INSERT INTO vehicles (vehicleid, name, plate) VALUES (714, 'Mercedes-Benz Vito', '1699GHZ');
INSERT INTO vehicles (vehicleid, name, plate) VALUES (715, 'Volkswagen Transporter', '0236LDV');

--INSERT DRIVES
INSERT INTO drive (empno, vehicleid, drive_date) VALUES (44, 711, '2020-03-16');
INSERT INTO drive (empno, vehicleid, drive_date) VALUES (43, 715, '2020-02-25');
INSERT INTO drive (empno, vehicleid, drive_date) VALUES (42, 712, '2019-12-25');
INSERT INTO drive (empno, vehicleid, drive_date) VALUES (45, 713, '2020-01-31');
INSERT INTO drive (empno, vehicleid, drive_date) VALUES (43, 714, '2020-03-10');
INSERT INTO drive (empno, vehicleid, drive_date) VALUES (42, 711, '2020-02-29');
INSERT INTO drive (empno, vehicleid, drive_date) VALUES (45, 714, '2020-03-15');

--INSERT DELIVERS
INSERT INTO delivers (deliverid, deliver_date, eventid, empno, done) VALUES (511, '2020-04-20', 1011, 42, 1);
INSERT INTO delivers (deliverid, deliver_date, eventid, empno, done) VALUES (512, '2020-04-28', 1012, 43, 1);
INSERT INTO delivers (deliverid, deliver_date, eventid, empno, done) VALUES (513, '2020-05-25', 1013, 44, 0);
INSERT INTO delivers (deliverid, deliver_date, eventid, empno, done) VALUES (514, '2020-06-30', 1014, 45, 0);

--INSERT MENUS
INSERT INTO menus (menuid, price, empno, orderid) VALUES (511, 36, 212, 311);
INSERT INTO menus (menuid, price, empno, orderid) VALUES (512, 45, 212, 312);
INSERT INTO menus (menuid, price, empno, orderid) VALUES (513, 20, 212, 313);
INSERT INTO menus (menuid, price, empno, orderid) VALUES (514, 60, 212, 314);
INSERT INTO menus (menuid, price, empno, orderid) VALUES (515, 45, 212, 315);

--Join both
INSERT INTO form (menuid, mealid, orderid) VALUES (511, 611, 311);
INSERT INTO form (menuid, mealid, orderid) VALUES (511, 612, 311);
INSERT INTO form (menuid, mealid, orderid) VALUES (512, 613, 313);
INSERT INTO form (menuid, mealid, orderid) VALUES (513, 614, 312);
INSERT INTO form (menuid, mealid, orderid) VALUES (514, 615, 314);
INSERT INTO form (menuid, mealid, orderid) VALUES (514, 616, 314);
INSERT INTO form (menuid, mealid, orderid) VALUES (514, 617, 322);
INSERT INTO form (menuid, mealid, orderid) VALUES (515, 611, 323);

--INSERT MEALS
INSERT INTO meals (mealid, price, name) VALUES (611, 12, 'vegan exclusive');
INSERT INTO meals (mealid, price, name) VALUES (612, 62, 'meat lovers');
INSERT INTO meals (mealid, price, name) VALUES (612, 45, 'pasta razione');
INSERT INTO meals (mealid, price, name) VALUES (613, 85, 'national dishes');
INSERT INTO meals (mealid, price, name) VALUES (614, 95, 'asian exotic');
INSERT INTO meals (mealid, price, name) VALUES (615, 21, 'seafood special');
INSERT INTO meals (mealid, price, name) VALUES (616, 15, 'grandma´s croquettes');
INSERT INTO meals (mealid, price, name) VALUES (617, 9, 'fast food');

--Join both
INSERT INTO make (mealid, ingrid) VALUES (611, 1);
INSERT INTO make (mealid, ingrid) VALUES (611, 5);
INSERT INTO make (mealid, ingrid) VALUES (611, 10);
INSERT INTO make (mealid, ingrid) VALUES (611, 6);
INSERT INTO make (mealid, ingrid) VALUES (611, 26);
INSERT INTO make (mealid, ingrid) VALUES (611, 7);
INSERT INTO make (mealid, ingrid) VALUES (611, 21);
INSERT INTO make (mealid, ingrid) VALUES (612, 17);
INSERT INTO make (mealid, ingrid) VALUES (612, 20);
INSERT INTO make (mealid, ingrid) VALUES (612, 29);
INSERT INTO make (mealid, ingrid) VALUES (612, 13);
INSERT INTO make (mealid, ingrid) VALUES (612, 1);
INSERT INTO make (mealid, ingrid) VALUES (612, 31);
INSERT INTO make (mealid, ingrid) VALUES (612, 3);
INSERT INTO make (mealid, ingrid) VALUES (613, 12);
INSERT INTO make (mealid, ingrid) VALUES (613, 9);
INSERT INTO make (mealid, ingrid) VALUES (613, 3);
INSERT INTO make (mealid, ingrid) VALUES (613, 24);
INSERT INTO make (mealid, ingrid) VALUES (613, 23);
INSERT INTO make (mealid, ingrid) VALUES (613, 16);
INSERT INTO make (mealid, ingrid) VALUES (613, 30);
INSERT INTO make (mealid, ingrid) VALUES (613, 3);
INSERT INTO make (mealid, ingrid) VALUES (613, 10);
INSERT INTO make (mealid, ingrid) VALUES (614, 35);
INSERT INTO make (mealid, ingrid) VALUES (614, 11);
INSERT INTO make (mealid, ingrid) VALUES (614, 16);
INSERT INTO make (mealid, ingrid) VALUES (614, 21);
INSERT INTO make (mealid, ingrid) VALUES (614, 15);
INSERT INTO make (mealid, ingrid) VALUES (614, 34);
INSERT INTO make (mealid, ingrid) VALUES (614, 1);
INSERT INTO make (mealid, ingrid) VALUES (614, 22);
INSERT INTO make (mealid, ingrid) VALUES (614, 6);
INSERT INTO make (mealid, ingrid) VALUES (614, 26);
INSERT INTO make (mealid, ingrid) VALUES (615, 13);
INSERT INTO make (mealid, ingrid) VALUES (615, 32);
INSERT INTO make (mealid, ingrid) VALUES (615, 14);
INSERT INTO make (mealid, ingrid) VALUES (615, 36);
INSERT INTO make (mealid, ingrid) VALUES (615, 2);
INSERT INTO make (mealid, ingrid) VALUES (615, 32);
INSERT INTO make (mealid, ingrid) VALUES (615, 3);
INSERT INTO make (mealid, ingrid) VALUES (615, 1);
INSERT INTO make (mealid, ingrid) VALUES (615, 17);
INSERT INTO make (mealid, ingrid) VALUES (615, 33);
INSERT INTO make (mealid, ingrid) VALUES (616, 20);
INSERT INTO make (mealid, ingrid) VALUES (616, 18);
INSERT INTO make (mealid, ingrid) VALUES (616, 19);
INSERT INTO make (mealid, ingrid) VALUES (616, 35);
INSERT INTO make (mealid, ingrid) VALUES (616, 21);
INSERT INTO make (mealid, ingrid) VALUES (616, 27);
INSERT INTO make (mealid, ingrid) VALUES (616, 28);
INSERT INTO make (mealid, ingrid) VALUES (616, 8);
INSERT INTO make (mealid, ingrid) VALUES (616, 20);
INSERT INTO make (mealid, ingrid) VALUES (616, 10);
INSERT INTO make (mealid, ingrid) VALUES (616, 35);
INSERT INTO make (mealid, ingrid) VALUES (617, 1);
INSERT INTO make (mealid, ingrid) VALUES (617, 16);
INSERT INTO make (mealid, ingrid) VALUES (617, 33);
INSERT INTO make (mealid, ingrid) VALUES (617, 36);
INSERT INTO make (mealid, ingrid) VALUES (617, 13);
INSERT INTO make (mealid, ingrid) VALUES (617, 2);
INSERT INTO make (mealid, ingrid) VALUES (617, 4);
INSERT INTO make (mealid, ingrid) VALUES (617, 26);
INSERT INTO make (mealid, ingrid) VALUES (617, 18);
INSERT INTO make (mealid, ingrid) VALUES (617, 10);
INSERT INTO make (mealid, ingrid) VALUES (617, 19);
INSERT INTO make (mealid, ingrid) VALUES (617, 7);

--INSERT INGREDIENTS
INSERT INTO ingredients (ingrid, description, stock) VALUES (1, 'tomato', 500);
INSERT INTO ingredients (ingrid, description, stock) VALUES (2, 'peach', 500);
INSERT INTO ingredients (ingrid, description, stock) VALUES (3, 'carrot', 500);
INSERT INTO ingredients (ingrid, description, stock) VALUES (4, 'brocoli', 500);
INSERT INTO ingredients (ingrid, description, stock) VALUES (5, 'onion', 500);
INSERT INTO ingredients (ingrid, description, stock) VALUES (6, 'lettuce', 500);
INSERT INTO ingredients (ingrid, description, stock) VALUES (7, 'lamb steak', 500);
INSERT INTO ingredients (ingrid, description, stock) VALUES (8, 'bread', 500);
INSERT INTO ingredients (ingrid, description, stock) VALUES (9, 'clam', 500);
INSERT INTO ingredients (ingrid, description, stock) VALUES (10, 'crab', 500);
INSERT INTO ingredients (ingrid, description, stock) VALUES (11, 'noodles', 500);
INSERT INTO ingredients (ingrid, description, stock) VALUES (12, 'squid', 500);
INSERT INTO ingredients (ingrid, description, stock) VALUES (13, 'salmon', 500);
INSERT INTO ingredients (ingrid, description, stock) VALUES (14, 'potato', 500);
INSERT INTO ingredients (ingrid, description, stock) VALUES (15, 'beans', 500);
INSERT INTO ingredients (ingrid, description, stock) VALUES (16, 'prawns', 500);
INSERT INTO ingredients (ingrid, description, stock) VALUES (17, 'sausage', 500);
INSERT INTO ingredients (ingrid, description, stock) VALUES (18, 'ham', 500);
INSERT INTO ingredients (ingrid, description, stock) VALUES (19, 'cream', 500);
INSERT INTO ingredients (ingrid, description, stock) VALUES (20, 'asparagus', 500);
INSERT INTO ingredients (ingrid, description, stock) VALUES (21, 'cheese', 500);
INSERT INTO ingredients (ingrid, description, stock) VALUES (22, 'mushroom', 500);
INSERT INTO ingredients (ingrid, description, stock) VALUES (23, 'pineapple', 500);
INSERT INTO ingredients (ingrid, description, stock) VALUES (24, 'macaroni', 500);
INSERT INTO ingredients (ingrid, description, stock) VALUES (25, 'egg', 500);
INSERT INTO ingredients (ingrid, description, stock) VALUES (26, 'olives', 500);
INSERT INTO ingredients (ingrid, description, stock) VALUES (27, 'pepper', 500);
INSERT INTO ingredients (ingrid, description, stock) VALUES (28, 'nuts', 500);
INSERT INTO ingredients (ingrid, description, stock) VALUES (29, 'bacon', 500);
INSERT INTO ingredients (ingrid, description, stock) VALUES (30, 'almonds', 500);
INSERT INTO ingredients (ingrid, description, stock) VALUES (31, 'eggplant', 500);
INSERT INTO ingredients (ingrid, description, stock) VALUES (32, 'orange', 500);
INSERT INTO ingredients (ingrid, description, stock) VALUES (33, 'lemon', 500);
INSERT INTO ingredients (ingrid, description, stock) VALUES (34, 'banana', 500);
INSERT INTO ingredients (ingrid, description, stock) VALUES (35, 'spinach', 500);
INSERT INTO ingredients (ingrid, description, stock) VALUES (36, 'chickpeas', 500);

--INSERT COOKS
INSERT INTO cooks (empno, menuid, cook_date) VALUES (36, 512, '2019-11-02');
INSERT INTO cooks (empno, menuid, cook_date) VALUES (40, 512, '2019-11-02');
INSERT INTO cooks (empno, menuid, cook_date) VALUES (38, 513, '2019-11-02');
INSERT INTO cooks (empno, menuid, cook_date) VALUES (42, 514, '2019-11-02');
INSERT INTO cooks (empno, menuid, cook_date) VALUES (39, 513, '2019-11-02');

--INSERT REPAIRS
INSERT INTO repairs (repairid, repair_date, description, empno, done) VALUES (811, '2019-07-12', 'laptop screen broke', 11, 1);
INSERT INTO repairs (repairid, repair_date, description, empno, done) VALUES (812, '2019-08-12', 'mouse not working', 11, 1);
INSERT INTO repairs (repairid, repair_date, description, empno, done) VALUES (813, '2019-09-13', 'esc key missing', 11, 1);
INSERT INTO repairs (repairid, repair_date, description, empno, done) VALUES (814, '2019-11-02', 'phone does not turn on', 11, 0);

--INSERT EVENTS
INSERT INTO events (eventid, name, event_date, place, clientno) VALUES (1011, 'it conference', '2020-04-25', 'miramar', 211);
INSERT INTO events (eventid, name, event_date, place, clientno) VALUES (1012, 'royal reunion', '2020-05-01', 'europe conference center', 211);
INSERT INTO events (eventid, name, event_date, place, clientno) VALUES (1013, 'VIP meeting', '2020-05-30', 'villa soro', 211);
INSERT INTO events (eventid, name, event_date, place, clientno) VALUES (1014, 'anime conference', '2020-07-14', 'kursaal', 211);

--INSERT SALESMEN
INSERT INTO salesmen (empno, quota, officeid) VALUES (15, 100000, 1155);
INSERT INTO salesmen (empno, quota, officeid) VALUES (16, 75000, 1156);
INSERT INTO salesmen (empno, quota, officeid) VALUES (22, 102000, 1157);
INSERT INTO salesmen (empno, quota, officeid) VALUES (23, 48000, 1158);
INSERT INTO salesmen (empno, quota, officeid) VALUES (28, 98000, 1158);
INSERT INTO salesmen (empno, quota, officeid) VALUES (34, 250000, 1160);
